{"cameraMode":{"drawMode":0,"name":"Shaded","section":"Shading Mode"},"sceneLighting":true,"audioPlay":false,"sceneViewState":{"showFog":true,"showMaterialUpdate":false,"showSkybox":true,"showFlares":true,"showImageEffects":true,"showParticleSystems":true},"in2DMode":false,"pivot":{"x":3.380830764770508,"y":3.6355385780334474,"z":-2.393385648727417},"rotation":{"x":-0.14183853566646577,"y":0.651814341545105,"z":-0.12590038776397706,"w":-0.7342902421951294},"size":5.2906813621521,"orthographic":false}