{"cameraMode":{"drawMode":0,"name":"Shaded","section":"Shading Mode"},"sceneLighting":false,"audioPlay":false,"sceneViewState":{"showFog":true,"showMaterialUpdate":false,"showSkybox":false,"showFlares":true,"showImageEffects":true,"showParticleSystems":true},"in2DMode":false,"pivot":{"x":0.0,"y":0.5838931202888489,"z":3.9403932094573976},"rotation":{"x":0.15119099617004395,"y":-0.021930838003754617,"z":0.003363108029589057,"w":0.9882645010948181},"size":17.30086898803711,"orthographic":false}