{"cameraMode":{"drawMode":0,"name":"Shaded","section":"Shading Mode"},"sceneLighting":true,"audioPlay":false,"sceneViewState":{"showFog":true,"showMaterialUpdate":false,"showSkybox":true,"showFlares":true,"showImageEffects":true,"showParticleSystems":true},"in2DMode":false,"pivot":{"x":-1.0659456253051758,"y":3.7915446758270265,"z":5.0169878005981449},"rotation":{"x":0.07281045615673065,"y":0.6754893064498901,"z":-0.06730225682258606,"w":0.7307183146476746},"size":11.708171844482422,"orthographic":false}