{"cameraMode":{"drawMode":0,"name":"Shaded","section":"Shading Mode"},"sceneLighting":true,"audioPlay":false,"sceneViewState":{"showFog":true,"showMaterialUpdate":false,"showSkybox":true,"showFlares":true,"showImageEffects":true,"showParticleSystems":true},"in2DMode":false,"pivot":{"x":18.10858154296875,"y":7.321540832519531,"z":28.556655883789064},"rotation":{"x":0.1499340534210205,"y":0.7437507510185242,"z":-0.1780228465795517,"w":0.6266775131225586},"size":91.33499908447266,"orthographic":false}