{"cameraMode":{"drawMode":0,"name":"Shaded","section":"Shading Mode"},"sceneLighting":true,"audioPlay":false,"sceneViewState":{"showFog":true,"showMaterialUpdate":false,"showSkybox":true,"showFlares":true,"showImageEffects":true,"showParticleSystems":true},"in2DMode":false,"pivot":{"x":-4.675191879272461,"y":-3.377626419067383,"z":-9.631294250488282},"rotation":{"x":0.10465266555547714,"y":0.8804651498794556,"z":-0.40146592259407046,"w":0.22949835658073426},"size":11.459400177001954,"orthographic":false}