{"cameraMode":{"drawMode":0,"name":"Shaded","section":"Shading Mode"},"sceneLighting":true,"audioPlay":false,"sceneViewState":{"showFog":true,"showMaterialUpdate":false,"showSkybox":true,"showFlares":true,"showImageEffects":true,"showParticleSystems":true},"in2DMode":false,"pivot":{"x":107.99818420410156,"y":-3.3637943267822267,"z":29.370220184326173},"rotation":{"x":-0.04776718094944954,"y":0.7474594116210938,"z":-0.054208796471357349,"w":-0.6604430079460144},"size":114.48918914794922,"orthographic":false}