{"cameraMode":{"drawMode":0,"name":"Shaded","section":"Shading Mode"},"sceneLighting":true,"audioPlay":false,"sceneViewState":{"showFog":true,"showMaterialUpdate":false,"showSkybox":true,"showFlares":true,"showImageEffects":true,"showParticleSystems":true},"in2DMode":false,"pivot":{"x":2.521204948425293,"y":2.589756727218628,"z":306.69720458984377},"rotation":{"x":0.2552391588687897,"y":-0.10963720083236695,"z":0.029143359512090684,"w":0.9602036476135254},"size":6.503793239593506,"orthographic":false}