{"cameraMode":{"drawMode":0,"name":"Shaded","section":"Shading Mode"},"sceneLighting":true,"audioPlay":false,"sceneViewState":{"showFog":true,"showMaterialUpdate":false,"showSkybox":true,"showFlares":true,"showImageEffects":true,"showParticleSystems":true},"in2DMode":false,"pivot":{"x":-8.897103309631348,"y":5.788631439208984,"z":91.26705932617188},"rotation":{"x":-0.156212717294693,"y":-0.2526571452617645,"z":0.04137198626995087,"w":-0.9539700746536255},"size":6.157894611358643,"orthographic":false}